uuid,name,userids,locationids
0023dc92_4dac_42c6_8e4a_1d3448cddd58,oyem_equipe_1,e71c9939_0aea_43f6_8810_5a758f3adedf,bb22fa59_cc6e_45a5_b0d0_eeba07fb9aae
0023dc92_4dac_42c6_8e4a_1d3448cddd58,oyem_equipe_1,8f66056c_8bc2_4a71_bde5_0001dfacd197,bb22fa59_cc6e_45a5_b0d0_eeba07fb9aae
0023dc92_4dac_42c6_8e4a_1d3448cddd58,oyem_equipe_1,84d1db3a_db2f_479e_b818_92075eaed338,bb22fa59_cc6e_45a5_b0d0_eeba07fb9aae
0023dc92_4dac_42c6_8e4a_1d3448cddd58,oyem_equipe_1,a8b9b3f2_4bac_4252_a6ce_4c4d338626fb,bb22fa59_cc6e_45a5_b0d0_eeba07fb9aae
07d69b91_6f0a_41e6_8e77_0a955d38ef3e,equipe_n_1,e71c9939_0aea_43f6_8810_5a758f3adedf,ed9a4fc7_bfb5_4764_aced_3ca271d95ddd
07d69b91_6f0a_41e6_8e77_0a955d38ef3e,equipe_n_1,e71c9939_0aea_43f6_8810_5a758f3adedf,508b5bc6_50c8_487d_bfa5_6fc8c31727d6
07d69b91_6f0a_41e6_8e77_0a955d38ef3e,equipe_n_1,5f6aeb11_7159_41e1_b8a2_74d989664cd9,ed9a4fc7_bfb5_4764_aced_3ca271d95ddd
07d69b91_6f0a_41e6_8e77_0a955d38ef3e,equipe_n_1,5f6aeb11_7159_41e1_b8a2_74d989664cd9,508b5bc6_50c8_487d_bfa5_6fc8c31727d6
07d69b91_6f0a_41e6_8e77_0a955d38ef3e,equipe_n_1,1d37cbf4_8e9b_4f4c_91ad_b5b67805eaa6,ed9a4fc7_bfb5_4764_aced_3ca271d95ddd
07d69b91_6f0a_41e6_8e77_0a955d38ef3e,equipe_n_1,1d37cbf4_8e9b_4f4c_91ad_b5b67805eaa6,508b5bc6_50c8_487d_bfa5_6fc8c31727d6
07d69b91_6f0a_41e6_8e77_0a955d38ef3e,equipe_n_1,a0d891e2_4551_48c1_b6f6_e798c60caa28,ed9a4fc7_bfb5_4764_aced_3ca271d95ddd
07d69b91_6f0a_41e6_8e77_0a955d38ef3e,equipe_n_1,a0d891e2_4551_48c1_b6f6_e798c60caa28,508b5bc6_50c8_487d_bfa5_6fc8c31727d6
07d69b91_6f0a_41e6_8e77_0a955d38ef3e,equipe_n_1,6a171940_2af8_4caa_8814_c70ed93788a7,ed9a4fc7_bfb5_4764_aced_3ca271d95ddd
07d69b91_6f0a_41e6_8e77_0a955d38ef3e,equipe_n_1,6a171940_2af8_4caa_8814_c70ed93788a7,508b5bc6_50c8_487d_bfa5_6fc8c31727d6
07d69b91_6f0a_41e6_8e77_0a955d38ef3e,equipe_n_1,4779bd44_b5c5_4d4a_9e1e_fceb6dfc8b49,ed9a4fc7_bfb5_4764_aced_3ca271d95ddd
07d69b91_6f0a_41e6_8e77_0a955d38ef3e,equipe_n_1,4779bd44_b5c5_4d4a_9e1e_fceb6dfc8b49,508b5bc6_50c8_487d_bfa5_6fc8c31727d6
07d69b91_6f0a_41e6_8e77_0a955d38ef3e,equipe_n_1,b78cb6a1_e2c3_4584_87da_7755113b2d2d,ed9a4fc7_bfb5_4764_aced_3ca271d95ddd
07d69b91_6f0a_41e6_8e77_0a955d38ef3e,equipe_n_1,b78cb6a1_e2c3_4584_87da_7755113b2d2d,508b5bc6_50c8_487d_bfa5_6fc8c31727d6
118f384d_8e28_4289_8f62_6143a7aece58,equipe1_mitzic,9ad3ca9f_6e86_4706_8228_688b5a11870a,95a3e9e4_c849_46ef_b2b0_06b6dee9bbcf
118f384d_8e28_4289_8f62_6143a7aece58,equipe1_mitzic,8f66056c_8bc2_4a71_bde5_0001dfacd197,95a3e9e4_c849_46ef_b2b0_06b6dee9bbcf
118f384d_8e28_4289_8f62_6143a7aece58,equipe1_mitzic,84d1db3a_db2f_479e_b818_92075eaed338,95a3e9e4_c849_46ef_b2b0_06b6dee9bbcf
18cac7aa_7058_49d2_9e8d_722cbb7159a7,equipe_minvoul,7a7de76f_535d_4e8c_b5fc_24f4e2a6ea19,1d7cc8c8_96ef_426a_8dc3_5ffe00f629e6
18cac7aa_7058_49d2_9e8d_722cbb7159a7,equipe_minvoul,8f66056c_8bc2_4a71_bde5_0001dfacd197,1d7cc8c8_96ef_426a_8dc3_5ffe00f629e6
18cac7aa_7058_49d2_9e8d_722cbb7159a7,equipe_minvoul,84d1db3a_db2f_479e_b818_92075eaed338,1d7cc8c8_96ef_426a_8dc3_5ffe00f629e6
1ffc6d3c_5a11_4691_a737_d2772b764487,oyem_equipe_2,e71c9939_0aea_43f6_8810_5a758f3adedf,1f9aa06e_a679_41a8_947e_9d154321d319
1ffc6d3c_5a11_4691_a737_d2772b764487,oyem_equipe_2,8f66056c_8bc2_4a71_bde5_0001dfacd197,1f9aa06e_a679_41a8_947e_9d154321d319
1ffc6d3c_5a11_4691_a737_d2772b764487,oyem_equipe_2,84d1db3a_db2f_479e_b818_92075eaed338,1f9aa06e_a679_41a8_947e_9d154321d319
1ffc6d3c_5a11_4691_a737_d2772b764487,oyem_equipe_2,f64b9a1e_3856_4c37_bf01_5a27c8886acf,1f9aa06e_a679_41a8_947e_9d154321d319
2a1aa715_4d60_4afc_b7fe_3fe5c9dfd452,equipe_annie_badila,8aa8b722_dd30_4375_92c2_606921f3c189,ed9a4fc7_bfb5_4764_aced_3ca271d95ddd
2a1aa715_4d60_4afc_b7fe_3fe5c9dfd452,equipe_annie_badila,8aa8b722_dd30_4375_92c2_606921f3c189,c3849db7_15b2_4425_837d_59604b1e374b
2a1aa715_4d60_4afc_b7fe_3fe5c9dfd452,equipe_annie_badila,5f6aeb11_7159_41e1_b8a2_74d989664cd9,ed9a4fc7_bfb5_4764_aced_3ca271d95ddd
2a1aa715_4d60_4afc_b7fe_3fe5c9dfd452,equipe_annie_badila,5f6aeb11_7159_41e1_b8a2_74d989664cd9,c3849db7_15b2_4425_837d_59604b1e374b
2a1aa715_4d60_4afc_b7fe_3fe5c9dfd452,equipe_annie_badila,a0d891e2_4551_48c1_b6f6_e798c60caa28,ed9a4fc7_bfb5_4764_aced_3ca271d95ddd
2a1aa715_4d60_4afc_b7fe_3fe5c9dfd452,equipe_annie_badila,a0d891e2_4551_48c1_b6f6_e798c60caa28,c3849db7_15b2_4425_837d_59604b1e374b
2a1aa715_4d60_4afc_b7fe_3fe5c9dfd452,equipe_annie_badila,6a171940_2af8_4caa_8814_c70ed93788a7,ed9a4fc7_bfb5_4764_aced_3ca271d95ddd
2a1aa715_4d60_4afc_b7fe_3fe5c9dfd452,equipe_annie_badila,6a171940_2af8_4caa_8814_c70ed93788a7,c3849db7_15b2_4425_837d_59604b1e374b
2b8ad32b_d3b5_4fef_b21f_5f7fffcaea74,equipe1_bitam,e71c9939_0aea_43f6_8810_5a758f3adedf,8d56a70b_e8d6_4a01_9de3_37705dd4b576
2b8ad32b_d3b5_4fef_b21f_5f7fffcaea74,equipe1_bitam,eb134623_9097_4fda_bd9c_9ab249bc2824,8d56a70b_e8d6_4a01_9de3_37705dd4b576
2b8ad32b_d3b5_4fef_b21f_5f7fffcaea74,equipe1_bitam,323bff1c_f61c_4ef3_b4e9_8baca35003c2,8d56a70b_e8d6_4a01_9de3_37705dd4b576
37611fbf_8207_45c6_a2af_db4b5887d225,oyem_equipe_3,e71c9939_0aea_43f6_8810_5a758f3adedf,472ee4ec_2fe7_4532_8c72_29cebcfc500a
37611fbf_8207_45c6_a2af_db4b5887d225,oyem_equipe_3,8f66056c_8bc2_4a71_bde5_0001dfacd197,472ee4ec_2fe7_4532_8c72_29cebcfc500a
37611fbf_8207_45c6_a2af_db4b5887d225,oyem_equipe_3,84d1db3a_db2f_479e_b818_92075eaed338,472ee4ec_2fe7_4532_8c72_29cebcfc500a
37611fbf_8207_45c6_a2af_db4b5887d225,oyem_equipe_3,5e6c3854_f381_43c8_92df_d460e2db00c0,472ee4ec_2fe7_4532_8c72_29cebcfc500a
454dc393_b97f_471b_b719_486d8fe7e6e4,equipe_col_leyassa,e71c9939_0aea_43f6_8810_5a758f3adedf,cc98445e_d6c1_4051_9aa6_d8aee2427b6a
454dc393_b97f_471b_b719_486d8fe7e6e4,equipe_col_leyassa,a0d891e2_4551_48c1_b6f6_e798c60caa28,cc98445e_d6c1_4051_9aa6_d8aee2427b6a
454dc393_b97f_471b_b719_486d8fe7e6e4,equipe_col_leyassa,6cedc922_d376_477c_b2f6_0dfd46834747,cc98445e_d6c1_4051_9aa6_d8aee2427b6a
4bb12740_6759_45c0_9eb1_955f5f56334d,lbrn_equipe_2,e71c9939_0aea_43f6_8810_5a758f3adedf,d6a0a082_1fef_492b_8303_a1e446f2394f
4bb12740_6759_45c0_9eb1_955f5f56334d,lbrn_equipe_2,c08ba1bf_4837_495c_bba7_f861843fa302,d6a0a082_1fef_492b_8303_a1e446f2394f
4bb12740_6759_45c0_9eb1_955f5f56334d,lbrn_equipe_2,be20e22b_714d_4e16_869d_dd9989ca51a5,d6a0a082_1fef_492b_8303_a1e446f2394f
4bb12740_6759_45c0_9eb1_955f5f56334d,lbrn_equipe_2,b35b28b5_aa7c_4dfb_86e3_83b66ae43e1b,d6a0a082_1fef_492b_8303_a1e446f2394f
57141ce7_87e6_4600_8079_1c7ebd37879e,equipe_lt_col_ada,9c355116_e677_43f9_9d7b_8d5d28e293e6,a5d1e0d5_3b4a_4933_a071_25ee96546396
57141ce7_87e6_4600_8079_1c7ebd37879e,equipe_lt_col_ada,9c355116_e677_43f9_9d7b_8d5d28e293e6,ed9a4fc7_bfb5_4764_aced_3ca271d95ddd
57141ce7_87e6_4600_8079_1c7ebd37879e,equipe_lt_col_ada,a0d891e2_4551_48c1_b6f6_e798c60caa28,a5d1e0d5_3b4a_4933_a071_25ee96546396
57141ce7_87e6_4600_8079_1c7ebd37879e,equipe_lt_col_ada,a0d891e2_4551_48c1_b6f6_e798c60caa28,ed9a4fc7_bfb5_4764_aced_3ca271d95ddd
5e049da9_58e3_48e6_a842_3365c9d49fb5,sup_equipe_marie_jo,e71c9939_0aea_43f6_8810_5a758f3adedf,ed9a4fc7_bfb5_4764_aced_3ca271d95ddd
5e049da9_58e3_48e6_a842_3365c9d49fb5,sup_equipe_marie_jo,e71c9939_0aea_43f6_8810_5a758f3adedf,56c19c77_fe4a_4bf3_b9a6_6df4d9bc9314
5e049da9_58e3_48e6_a842_3365c9d49fb5,sup_equipe_marie_jo,a0d891e2_4551_48c1_b6f6_e798c60caa28,ed9a4fc7_bfb5_4764_aced_3ca271d95ddd
5e049da9_58e3_48e6_a842_3365c9d49fb5,sup_equipe_marie_jo,a0d891e2_4551_48c1_b6f6_e798c60caa28,56c19c77_fe4a_4bf3_b9a6_6df4d9bc9314
5e049da9_58e3_48e6_a842_3365c9d49fb5,sup_equipe_marie_jo,f4b8740d_0b49_467d_a0ad_1eefbd76dfce,ed9a4fc7_bfb5_4764_aced_3ca271d95ddd
5e049da9_58e3_48e6_a842_3365c9d49fb5,sup_equipe_marie_jo,f4b8740d_0b49_467d_a0ad_1eefbd76dfce,56c19c77_fe4a_4bf3_b9a6_6df4d9bc9314
5f71016d_9063_4875_b5d2_679c3dee5d47,agnt_de_suivi_azziley_ines,8aa8b722_dd30_4375_92c2_606921f3c189,2c6022c3_e18e_4caf_b772_2b45a7c07b3b
5f71016d_9063_4875_b5d2_679c3dee5d47,agnt_de_suivi_azziley_ines,8aa8b722_dd30_4375_92c2_606921f3c189,ed9a4fc7_bfb5_4764_aced_3ca271d95ddd
5f71016d_9063_4875_b5d2_679c3dee5d47,agnt_de_suivi_azziley_ines,e71c9939_0aea_43f6_8810_5a758f3adedf,2c6022c3_e18e_4caf_b772_2b45a7c07b3b
5f71016d_9063_4875_b5d2_679c3dee5d47,agnt_de_suivi_azziley_ines,e71c9939_0aea_43f6_8810_5a758f3adedf,ed9a4fc7_bfb5_4764_aced_3ca271d95ddd
5f71016d_9063_4875_b5d2_679c3dee5d47,agnt_de_suivi_azziley_ines,a0d891e2_4551_48c1_b6f6_e798c60caa28,2c6022c3_e18e_4caf_b772_2b45a7c07b3b
5f71016d_9063_4875_b5d2_679c3dee5d47,agnt_de_suivi_azziley_ines,a0d891e2_4551_48c1_b6f6_e798c60caa28,ed9a4fc7_bfb5_4764_aced_3ca271d95ddd
5f71016d_9063_4875_b5d2_679c3dee5d47,agnt_de_suivi_azziley_ines,6a171940_2af8_4caa_8814_c70ed93788a7,2c6022c3_e18e_4caf_b772_2b45a7c07b3b
5f71016d_9063_4875_b5d2_679c3dee5d47,agnt_de_suivi_azziley_ines,6a171940_2af8_4caa_8814_c70ed93788a7,ed9a4fc7_bfb5_4764_aced_3ca271d95ddd
922e925c_f0b1_4d7b_a381_85e02fc2ff28,oyem_equipe_5,e71c9939_0aea_43f6_8810_5a758f3adedf,0b52763b_c262_4dc5_8941_2d27523345cd
922e925c_f0b1_4d7b_a381_85e02fc2ff28,oyem_equipe_5,8f66056c_8bc2_4a71_bde5_0001dfacd197,0b52763b_c262_4dc5_8941_2d27523345cd
922e925c_f0b1_4d7b_a381_85e02fc2ff28,oyem_equipe_5,84d1db3a_db2f_479e_b818_92075eaed338,0b52763b_c262_4dc5_8941_2d27523345cd
922e925c_f0b1_4d7b_a381_85e02fc2ff28,oyem_equipe_5,4f678531_19ec_40ce_8ae0_e674a3a270f2,0b52763b_c262_4dc5_8941_2d27523345cd
94d9cc1b_d078_4809_a092_8b44a3e0da86,lbrn_equipe_4,e71c9939_0aea_43f6_8810_5a758f3adedf,5e708955_8843_4f7d_ab15_3b89a533c22e
94d9cc1b_d078_4809_a092_8b44a3e0da86,lbrn_equipe_4,c08ba1bf_4837_495c_bba7_f861843fa302,5e708955_8843_4f7d_ab15_3b89a533c22e
94d9cc1b_d078_4809_a092_8b44a3e0da86,lbrn_equipe_4,be20e22b_714d_4e16_869d_dd9989ca51a5,5e708955_8843_4f7d_ab15_3b89a533c22e
94d9cc1b_d078_4809_a092_8b44a3e0da86,lbrn_equipe_4,9e3fdf1d_8ab0_4727_8973_9b1757c2016a,5e708955_8843_4f7d_ab15_3b89a533c22e
97fd1d92_2388_4973_8ca3_ff62a7f52c63,lbrn_djole_bifoun,e71c9939_0aea_43f6_8810_5a758f3adedf,ca58a250_2063_4125_b050_762645d666a2
97fd1d92_2388_4973_8ca3_ff62a7f52c63,lbrn_djole_bifoun,c08ba1bf_4837_495c_bba7_f861843fa302,ca58a250_2063_4125_b050_762645d666a2
97fd1d92_2388_4973_8ca3_ff62a7f52c63,lbrn_djole_bifoun,be20e22b_714d_4e16_869d_dd9989ca51a5,ca58a250_2063_4125_b050_762645d666a2
97fd1d92_2388_4973_8ca3_ff62a7f52c63,lbrn_djole_bifoun,3271847b_5651_4144_adb2_55cb297b57fc,ca58a250_2063_4125_b050_762645d666a2
9964cd06_9953_4b2e_bf5a_640a3375b75a,equipe_n_3,e71c9939_0aea_43f6_8810_5a758f3adedf,ed9a4fc7_bfb5_4764_aced_3ca271d95ddd
9964cd06_9953_4b2e_bf5a_640a3375b75a,equipe_n_3,5f6aeb11_7159_41e1_b8a2_74d989664cd9,ed9a4fc7_bfb5_4764_aced_3ca271d95ddd
9964cd06_9953_4b2e_bf5a_640a3375b75a,equipe_n_3,1d37cbf4_8e9b_4f4c_91ad_b5b67805eaa6,ed9a4fc7_bfb5_4764_aced_3ca271d95ddd
9964cd06_9953_4b2e_bf5a_640a3375b75a,equipe_n_3,a0d891e2_4551_48c1_b6f6_e798c60caa28,ed9a4fc7_bfb5_4764_aced_3ca271d95ddd
9964cd06_9953_4b2e_bf5a_640a3375b75a,equipe_n_3,6a171940_2af8_4caa_8814_c70ed93788a7,ed9a4fc7_bfb5_4764_aced_3ca271d95ddd
9964cd06_9953_4b2e_bf5a_640a3375b75a,equipe_n_3,4779bd44_b5c5_4d4a_9e1e_fceb6dfc8b49,ed9a4fc7_bfb5_4764_aced_3ca271d95ddd
9ef330b2_0de8_46c4_97d6_1eec89ad4cc4,equipe_libadi,e71c9939_0aea_43f6_8810_5a758f3adedf,8f247718_750c_40d0_8ebc_1f054dcfa578
9ef330b2_0de8_46c4_97d6_1eec89ad4cc4,equipe_libadi,e71c9939_0aea_43f6_8810_5a758f3adedf,ed9a4fc7_bfb5_4764_aced_3ca271d95ddd
9ef330b2_0de8_46c4_97d6_1eec89ad4cc4,equipe_libadi,a0d891e2_4551_48c1_b6f6_e798c60caa28,8f247718_750c_40d0_8ebc_1f054dcfa578
9ef330b2_0de8_46c4_97d6_1eec89ad4cc4,equipe_libadi,a0d891e2_4551_48c1_b6f6_e798c60caa28,ed9a4fc7_bfb5_4764_aced_3ca271d95ddd
9ef330b2_0de8_46c4_97d6_1eec89ad4cc4,equipe_libadi,22a97077_ccba_4727_8b50_7d54f794520e,8f247718_750c_40d0_8ebc_1f054dcfa578
9ef330b2_0de8_46c4_97d6_1eec89ad4cc4,equipe_libadi,22a97077_ccba_4727_8b50_7d54f794520e,ed9a4fc7_bfb5_4764_aced_3ca271d95ddd
ae2ef3a5_1815_4da3_b3d6_b7653b59862e,equipe1_medouneu,8f66056c_8bc2_4a71_bde5_0001dfacd197,5c9df904_bfce_449b_a1a3_beeabd36c9b0
ae2ef3a5_1815_4da3_b3d6_b7653b59862e,equipe1_medouneu,84d1db3a_db2f_479e_b818_92075eaed338,5c9df904_bfce_449b_a1a3_beeabd36c9b0
ae2ef3a5_1815_4da3_b3d6_b7653b59862e,equipe1_medouneu,4083bc6e_22a1_46a6_b48d_97ca38f97263,5c9df904_bfce_449b_a1a3_beeabd36c9b0
b2633931_f265_4386_9cb6_5b6530e49ab4,equipe_francisca_b,e71c9939_0aea_43f6_8810_5a758f3adedf,0bc754dc_b418_4de1_a9ff_ae294cdd0016
b2633931_f265_4386_9cb6_5b6530e49ab4,equipe_francisca_b,e71c9939_0aea_43f6_8810_5a758f3adedf,ed9a4fc7_bfb5_4764_aced_3ca271d95ddd
b2633931_f265_4386_9cb6_5b6530e49ab4,equipe_francisca_b,57e5065c_f1d8_4cde_a7e1_d025c191f517,0bc754dc_b418_4de1_a9ff_ae294cdd0016
b2633931_f265_4386_9cb6_5b6530e49ab4,equipe_francisca_b,57e5065c_f1d8_4cde_a7e1_d025c191f517,ed9a4fc7_bfb5_4764_aced_3ca271d95ddd
b2633931_f265_4386_9cb6_5b6530e49ab4,equipe_francisca_b,a0d891e2_4551_48c1_b6f6_e798c60caa28,0bc754dc_b418_4de1_a9ff_ae294cdd0016
b2633931_f265_4386_9cb6_5b6530e49ab4,equipe_francisca_b,a0d891e2_4551_48c1_b6f6_e798c60caa28,ed9a4fc7_bfb5_4764_aced_3ca271d95ddd
c1ed4b8b_68a5_44b0_bf31_6b319ff1e2d4,lbrn_equipe_3,e71c9939_0aea_43f6_8810_5a758f3adedf,b749ac4c_96f4_4d2a_b8d7_1575faee66ad
c1ed4b8b_68a5_44b0_bf31_6b319ff1e2d4,lbrn_equipe_3,c08ba1bf_4837_495c_bba7_f861843fa302,b749ac4c_96f4_4d2a_b8d7_1575faee66ad
c1ed4b8b_68a5_44b0_bf31_6b319ff1e2d4,lbrn_equipe_3,be20e22b_714d_4e16_869d_dd9989ca51a5,b749ac4c_96f4_4d2a_b8d7_1575faee66ad
c1ed4b8b_68a5_44b0_bf31_6b319ff1e2d4,lbrn_equipe_3,6eae597c_9beb_4050_a580_3a93d4961fa1,b749ac4c_96f4_4d2a_b8d7_1575faee66ad
d5785dac_ec79_446a_994a_c8e58b32b654,lbrn_equipe_1,e71c9939_0aea_43f6_8810_5a758f3adedf,9956bb21_9759_412c_8c62_14b4cdee9abf
d5785dac_ec79_446a_994a_c8e58b32b654,lbrn_equipe_1,c08ba1bf_4837_495c_bba7_f861843fa302,9956bb21_9759_412c_8c62_14b4cdee9abf
d5785dac_ec79_446a_994a_c8e58b32b654,lbrn_equipe_1,be20e22b_714d_4e16_869d_dd9989ca51a5,9956bb21_9759_412c_8c62_14b4cdee9abf
d5785dac_ec79_446a_994a_c8e58b32b654,lbrn_equipe_1,d8c7da96_af8b_4572_98e5_0c4f283799c3,9956bb21_9759_412c_8c62_14b4cdee9abf
d803bc73_3755_4c8b_990a_07bc6b232d27,equipe_rendama,a0d891e2_4551_48c1_b6f6_e798c60caa28,3f1a5303_7660_4b44_bc69_f042d0ffded5
d803bc73_3755_4c8b_990a_07bc6b232d27,equipe_rendama,21ae3758_31a0_4fac_87bd_1196d8e4f8d7,3f1a5303_7660_4b44_bc69_f042d0ffded5
d978bc4b_b9cf_4a02_aff3_a263aef38e40,equipe_n_4,e71c9939_0aea_43f6_8810_5a758f3adedf,ed9a4fc7_bfb5_4764_aced_3ca271d95ddd
d978bc4b_b9cf_4a02_aff3_a263aef38e40,equipe_n_4,5f6aeb11_7159_41e1_b8a2_74d989664cd9,ed9a4fc7_bfb5_4764_aced_3ca271d95ddd
d978bc4b_b9cf_4a02_aff3_a263aef38e40,equipe_n_4,1d37cbf4_8e9b_4f4c_91ad_b5b67805eaa6,ed9a4fc7_bfb5_4764_aced_3ca271d95ddd
d978bc4b_b9cf_4a02_aff3_a263aef38e40,equipe_n_4,a0d891e2_4551_48c1_b6f6_e798c60caa28,ed9a4fc7_bfb5_4764_aced_3ca271d95ddd
d978bc4b_b9cf_4a02_aff3_a263aef38e40,equipe_n_4,6a171940_2af8_4caa_8814_c70ed93788a7,ed9a4fc7_bfb5_4764_aced_3ca271d95ddd
d978bc4b_b9cf_4a02_aff3_a263aef38e40,equipe_n_4,4779bd44_b5c5_4d4a_9e1e_fceb6dfc8b49,ed9a4fc7_bfb5_4764_aced_3ca271d95ddd
e0baed2c_edb8_4a1b_8840_f17829108f83,equipe_1,ad39175e_0531_46d6_9095_5c646180ae10,7d3ba5b6_4b10_4ee7_a4db_95c5da1aacfc
e0baed2c_edb8_4a1b_8840_f17829108f83,equipe_1,ad39175e_0531_46d6_9095_5c646180ae10,72536b23_fa72_4ae3_9db7_a840db122770
e0baed2c_edb8_4a1b_8840_f17829108f83,equipe_1,3dcff279_5b87_42cb_b64c_7abaf9db1b19,7d3ba5b6_4b10_4ee7_a4db_95c5da1aacfc
e0baed2c_edb8_4a1b_8840_f17829108f83,equipe_1,3dcff279_5b87_42cb_b64c_7abaf9db1b19,72536b23_fa72_4ae3_9db7_a840db122770
ef795d61_0973_44f7_8644_02abe7693ff1,equipe_chul,b78cb6a1_e2c3_4584_87da_7755113b2d2d,508b5bc6_50c8_487d_bfa5_6fc8c31727d6
fa572704_6e0b_4d38_920f_ab124ac0a963,oyem_equipe_4,e71c9939_0aea_43f6_8810_5a758f3adedf,e8e482d3_5f64_4907_be9d_f281f523c5f9
fa572704_6e0b_4d38_920f_ab124ac0a963,oyem_equipe_4,8f66056c_8bc2_4a71_bde5_0001dfacd197,e8e482d3_5f64_4907_be9d_f281f523c5f9
fa572704_6e0b_4d38_920f_ab124ac0a963,oyem_equipe_4,84d1db3a_db2f_479e_b818_92075eaed338,e8e482d3_5f64_4907_be9d_f281f523c5f9
fa572704_6e0b_4d38_920f_ab124ac0a963,oyem_equipe_4,b88eb191_e4e9_4a32_889f_d43cb41e4643,e8e482d3_5f64_4907_be9d_f281f523c5f9
